Name,FFS 17,FFS 18,FFS 19,FFS 20,FFS 21,FFS 22,FFS 23,fbref,fbref ID,FPL code,FPL ID,FPL name,FPL pos,Team,FPL price,FT ID,FanTeam name,FT pos,FT price,DOB
Ramsdale,,,Ramsdale,Ramsdale,Ramsdale,Ramsdale,Ramsdale,Aaron Ramsdale,466fb2c5,225321,17,Ramsdale,GK,Arsenal,5,140080,Ramsdale,GK,5.5,35929
Raya,,,,,Raya Martin,Raya Martin,Raya Martin,David Raya,98ea5115,154561,113,Raya,GK,Arsenal,4.9,192208,Raya,GK,5,34957
White,,,,White (Ben),White (Ben),White (Ben),White (Ben),Ben White,35e413f1,198869,29,White,DEF,Arsenal,5.5,176641,White,DEF,6,35711
Gabriel,,,,Gabriel Magalhães,Gabriel Magalhães,Gabriel Magalhães,Gabriel Magalhães,Gabriel Dos Santos,67ac5bb8,226597,5,Gabriel,DEF,Arsenal,4.8,181081,Gabriel,DEF,6,35783
Saliba,,,,,,Saliba,Saliba,William Saliba,972aeb2a,462424,20,Saliba,DEF,Arsenal,5.2,1677493,Saliba,DEF,5.5,36974
Zinchenko,Zinchenko,Zinchenko,Zinchenko,Zinchenko,Zinchenko,Zinchenko,Zinchenko,Oleksandr Zinchenko,51cf8561,206325,31,Zinchenko,DEF,Arsenal,4.9,23148,Zinchenko,DEF,5.5,35414
Timber,,,,,,,Jurriën Timber,Jurriën Timber,41034650,445122,585,J.Timber,DEF,Arsenal,4.8,3627958,Timber,DEF,5,37059
Kiwior,,,,,,Kiwior,Kiwior,Jakub Kiwior,dc3e663e,440854,10,Kiwior,DEF,Arsenal,4.4,2893237,Kiwior,DEF,4.5,36571
Tomiyasu,,,,,Tomiyasu,Tomiyasu,Tomiyasu,Takehiro Tomiyasu,b3af9be1,223723,25,Tomiyasu,DEF,Arsenal,4.5,257276,Tomiyasu,DEF,5,36104
Odegaard,,,,Odegaard,Odegaard,Odegaard,Odegaard,Martin Ødegaard,79300479,184029,14,Ødegaard,MID,Arsenal,8.5,201990,Odegaard,MID,9,36146
Saka,,Saka,Saka,Saka,Saka,Saka,Saka,Bukayo Saka,bc7dc64d,223340,19,Saka,MID,Arsenal,8.7,106430,Saka,MID,10,37139
Martinelli,,,Gabriel Martinelli,Gabriel Martinelli,Gabriel Martinelli,Martinelli,Martinelli,Martinelli,48a5a5d6,444145,12,Martinelli,MID,Arsenal,8,140008,Martinelli,MID,8.5,37060
Havertz,,,,Havertz,Havertz,Havertz,Havertz,Kai Havertz,fed7cb61,219847,6,Havertz,MID,Arsenal,7.3,182529,Havertz,MID,8,36322
Trossard,,,Trossard,Trossard,Trossard,Trossard,Trossard,Leandro Trossard,38ceb24a,116216,26,Trossard,MID,Arsenal,6.7,132424,Trossard,MID,7.5,34672
Vieira,,,,,,Fábio Vieira,Fábio Vieira,Fabio Vieira,6412cc03,438098,4,Fábio Vieira,MID,Arsenal,5.4,1681493,Vieira,MID,6,36676
Jorginho,,Jorginho,Jorginho,Jorginho,Jorginho,Jorginho,Jorginho,Jorginho,45db685d,85955,9,Jorginho,MID,Arsenal,5.4,88639,Jorginho,MID,5,33592
Smith Rowe,,,Smith-Rowe,Smith-Rowe,Smith-Rowe,Smith-Rowe,Smith-Rowe,Emile Smith Rowe,17695062,209289,22,Smith Rowe,MID,Arsenal,5.4,197966,Smith Rowe,MID,6,36735
Rice,Rice,Rice,Rice,Rice,Rice,Rice,Rice,Declan Rice,1c7012b8,204480,540,Rice,MID,Arsenal,5.4,32973,Rice,MID,6,36174
Partey,,,,Partey,Partey,Partey,Partey,Thomas Partey,529f49ab,167199,15,Thomas,MID,Arsenal,4.9,187806,Partey,MID,5,34133
Jesus,Jesus,Jesus,Jesus,Jesus,Jesus,Jesus,Jesus,Gabriel Jesus,b66315ae,205651,8,G.Jesus,FWD,Arsenal,7.9,32986,Jesus,FWD,8.5,35523
Nketiah,Eddie Nketiah,Eddie Nketiah,Eddie Nketiah,Eddie Nketiah,Eddie Nketiah,Eddie Nketiah,Eddie Nketiah,Eddie Nketiah,a53649b7,205533,13,Nketiah,FWD,Arsenal,5.6,76982,Nketiah,FWD,6.1,36310
E Martinez,,,Martinez,Martinez,Martinez,Martinez,Martinez,Emiliano Martínez,7956236f,98980,49,Martinez,GK,Aston Villa,5,131313,Martinez,GK,5,33849
Olsen,,,,Olsen,Olsen,Olsen,Olsen,Robin Olsen,e7ee38c3,111782,53,Olsen,GK,Aston Villa,4,187807,Olsen,GK,4.5,32881
Moreno,,,,,,Álex Moreno,Álex Moreno,Álex Moreno,16e9d0ea,106468,32,Alex Moreno,DEF,Aston Villa,5,2853884,Moreno,DEF,4.5,34128
Cash,,,,Cash,Cash,Cash,Cash,Matty Cash,2389cdc2,199796,36,Cash,DEF,Aston Villa,4.6,181873,Cash,DEF,4.4,35649
Carlos,,,,,,Diego Carlos,Diego Carlos,Diego Carlos,b4a014b1,165659,41,Diego Carlos,DEF,Aston Villa,4.5,1677494,Carlos,DEF,4,34043
Digne,,Digne,Digne,Digne,Digne,Digne,Digne,Lucas Digne,1b84dbe1,101188,42,Digne,DEF,Aston Villa,4.5,91483,Digne,DEF,4.4,34170
Konsa,,,Konsa Ngoyo,Konsa Ngoyo,Konsa Ngoyo,Konsa Ngoyo,Konsa Ngoyo,Ezri Konsa,0313a347,199798,48,Konsa,DEF,Aston Villa,4.5,134708,Konsa,DEF,4.5,35726
Mings,Mings,Mings,Mings,Mings,Mings,Mings,Mings,Tyrone Mings,8397a50c,149484,51,Mings,DEF,Aston Villa,4.3,131314,Mings,DEF,4.5,34041
Torres,,,,,,,Torres,Pau Torres,532e1e4f,244954,584,Pau,DEF,Aston Villa,4.5,3627877,Torres,DEF,4.5,35446
Diaby,,,,,,,Diaby,Moussa Diaby,aeed5c06,243557,599,Diaby,MID,Aston Villa,6.6,3628765,Diaby,MID,6.5,36348
Buendia,,,Buendía,,Buendía,Buendía,Buendía,Emi Buendía,66b76d44,195546,35,Buendia,MID,Aston Villa,5.8,192735,Buendia,MID,6,35424
Coutinho,Coutinho,,,,Coutinho,Coutinho,Coutinho,Philippe Coutinho,0ef89a37,84583,38,Coutinho,MID,Aston Villa,5.9,278661,Coutinho,MID,5,33767
J Ramsey,,,,Jacob Ramsey,Jacob Ramsey,Jacob Ramsey,Jacob Ramsey,Jacob Ramsey,1544f145,232653,55,J.Ramsey,MID,Aston Villa,5.9,186002,Ramsey,MID,6.5,37039
Tielemans,,Tielemans,Tielemans,Tielemans,Tielemans,Tielemans,Tielemans,Youri Tielemans,56f7a928,166989,58,Tielemans,MID,Aston Villa,5.9,110910,Tielemans,MID,6,35557
Bailey,,,,,Bailey,Bailey,Bailey,Leon Bailey,3a233281,215711,34,Bailey,MID,Aston Villa,5.5,240547,Bailey,MID,6,35651
Luiz,,,Douglas Luiz,Douglas Luiz,Douglas Luiz,Douglas Luiz,Douglas Luiz,Douglas Luiz,6f7d826d,230046,43,Douglas Luiz,MID,Aston Villa,5.5,137792,Luiz,MID,6,35924
McGinn,,,McGinn,McGinn,McGinn,McGinn,McGinn,John McGinn,90f91999,122806,50,McGinn,MID,Aston Villa,5.5,131333,McGinn,MID,5.5,34625
Dendoncker,,Dendoncker,Dendoncker,Dendoncker (Leander),Dendoncker (Leander),Dendoncker (Leander),Dendoncker (Leander),Leander Dendoncker,5a7301ae,151589,40,Dendoncker,MID,Aston Villa,4.9,92413,Dendoncker,MID,4.5,34804
Kamara,,,,,,Kamara,Kamara,Boubacar Kamara,cc77354e,226944,47,Kamara,MID,Aston Villa,5,1697059,Kamara,MID,4.5,36487
Zaniolo,,,,,,,Zaniolo,Nicolò Zaniolo,9907b1c8,245414,672,Zaniolo,MID,Aston Villa,5.5,3643324,Zaniolo,MID,5.5,36343
Watkins,,,,Watkins,Watkins,Watkins,Watkins,Ollie Watkins,aed3a70f,178301,60,Watkins,FWD,Aston Villa,8,183114,Watkins,FWD,8,35063
Archer,,,,,Archer,Archer,Archer,Cameron Archer,05e8ca6d,433979,33,Archer,FWD,Sheffield Utd,4.5,1783649,Archer,FWD,5,37093
N Neto,,,,,,Neto (Murara),Neto (Murara),Neto,a9dc785c,69752,77,Neto,GK,Bournemouth,4.5,2019410,Neto,GK,4.6,32708
Travers,,Travers,Travers,,,Travers,Travers,Mark Travers,fe558029,229600,88,Travers,GK,Bournemouth,4,230737,Travers,GK,4.5,36298
Fredericks,,Fredericks,Fredericks,Fredericks,Fredericks,Fredericks,Fredericks,Ryan Fredericks,c067631c,81012,68,Fredericks,DEF,Bournemouth,4.4,88450,Fredericks,DEF,4,33887
Kelly,,,Kelly (Lloyd),,,Kelly (Lloyd),Kelly,Lloyd Kelly,f31def1e,235530,70,Kelly,DEF,Bournemouth,4.5,230736,Kelly,DEF,4,36069
Mepham,,Mepham,Mepham,,,Mepham,Mepham,Chris Mepham,fed96827,223911,75,Mepham,DEF,Bournemouth,4.4,230738,Mepham,DEF,4,35739
Senesi,,,,,,Senesi,Senesi,Marcos Senesi,35141f4c,221466,83,Senesi,DEF,Bournemouth,4.4,2018115,Senesi,DEF,4,35560
Smith,A Smith,A Smith,A Smith,,,Smith (Adam),Smith (Adam),Adam Smith,20b104bc,54469,84,Smith,DEF,Bournemouth,4.4,230742,Smith,DEF,4,33357
Zabarnyi,,,,,,Zabarnyi,Zabarnyi,Illia Zabarnyi,88968486,477580,89,Zabarnyi,DEF,Bournemouth,4.5,2930173,Zabarnyi,DEF,4,37500
Kerkez,,,,,,,Kerkez,Milos Kerkez,0ad53bdc,544877,595,Kerkez,DEF,Bournemouth,4.5,3628155,Kerkez,DEF,4.4,37932
Aarons,,,Aarons (Maximillian),,Aarons,,Aarons,Max Aarons,774cf58b,232980,643,Aarons,DEF,Bournemouth,4.5,192745,Aarons,DEF,4,36529
Billing,Billing,Billing,Billing,,,Billing,Billing,Philip Billing,d328a254,168991,63,Billing,MID,Bournemouth,5.4,230745,Billing,MID,6,35227
Tavernier,,,,,,Tavernier,Tavernier,Marcus Tavernier,5c0da4a4,201658,86,Tavernier,MID,Bournemouth,5.4,1954998,Tavernier,MID,6,36241
Anthony,,,,,,Anthony,Anthony,Jaidon Anthony,e4238fb1,444180,62,Anthony,MID,Bournemouth,4.9,230755,Anthony,MID,5,36495
Brooks,,Brooks,Brooks,,,Brooks,Brooks (David),David Brooks,dc4cae05,111317,64,Brooks,MID,Bournemouth,4.9,230752,Brooks,MID,5,35619
Christie,,Christie,,,,Christie,Christie,Ryan Christie,26ce2263,158499,65,Christie,MID,Bournemouth,5,258290,Christie,MID,4.5,34752
Cook,L Cook,L Cook,L Cook,,,Cook (Lewis),Cook (Lewis),Lewis Cook,2afc7272,155408,66,L.Cook,MID,Bournemouth,5,230747,Cook,MID,4.5,35464
Kluivert,,,,,,,Kluivert,Justin Kluivert,4c3a6744,222683,72,Kluivert,MID,Bournemouth,4.9,3584408,Kluivert,MID,6,36285
Ouattara,,,,,,Dango Ouattara,Dango Ouattara,Dango Ouattara,2f9e4435,533463,78,O.Dango,MID,Bournemouth,4.9,2882402,Ouattara,MID,5,37298
Rothwell,,,,,,Rothwell,Rothwell,Joe Rothwell,10a10454,156685,81,Rothwell,MID,Bournemouth,5,1727419,Rothwell,MID,4.5,34710
H Traore,,,,,,Traore (Hamed),Traore (Hamed),Hamed Junior Traorè,570bb4b9,424044,87,Hamed Traorè,MID,Bournemouth,4.9,2930176,Traore,MID,5,36572
Scott,,,,,,,Scott,Alex Scott,104d0bb8,503139,644,Scott,MID,Bournemouth,5,3638526,Scott,MID,4.5,37854
Solanke,Solanke,Solanke,Solanke,,,Solanke,Solanke,Dominic Solanke,e77dc3b2,154566,85,Solanke,FWD,Bournemouth,6.5,230753,Solanke,FWD,6.5,35687
Moore,,,,,,Moore (Kieffer),Moore,Kieffer Moore,01ce9e70,128340,76,Moore,FWD,Bournemouth,4.9,230801,Moore,FWD,5.5,33824
Flekken,,,,,,,Flekken,Mark Flekken,a92ab7be,118342,101,Flekken,GK,Brentford,4.5,3556534,Flekken,GK,4.5,34133
Strakosha,,,,,,,Strakosha,Thomas Strakosha,339fe0e8,140200,116,Strakosha,GK,Brentford,4,1818084,Strakosha,GK,4,34777
Mee,Mee,Mee,Mee,Mee,Mee,Mee,Mee,Ben Mee,8df7a2fb,51927,109,Mee,DEF,Brentford,4.9,23379,Mee,DEF,4.5,32772
Ajer,,,,,Ajer,Ajer,Ajer,Kristoffer Ajer,a8c0acb7,191866,90,Ajer,DEF,Brentford,4.5,234799,Ajer,DEF,4.5,35902
Collins,,,,,Collins,Collins,Collins,Nathan Collins,a8c19eb8,432830,96,Collins,DEF,Brentford,4.5,234803,Collins,DEF,4.5,37011
Henry,,,,,Henry,Henry,Henry,Rico Henry,8a3c1dc7,194010,103,Henry,DEF,Brentford,4.6,192195,Henry,DEF,4.5,35619
Hickey,,,,,,Hickey,Hickey,Aaron Hickey,1780bb4a,472713,104,Hickey,DEF,Brentford,4.5,1803646,Hickey,DEF,4.5,37417
Pinnock,,,,,Pinnock,Pinnock,Pinnock,Ethan Pinnock,e541326e,231065,112,Pinnock,DEF,Brentford,4.5,192197,Pinnock,DEF,4.5,34118
Roerslev,,,,,Roerslev,Roerslev,Roerslev,Mads Roerslev,57c94db2,226956,114,Roerslev,DEF,Brentford,4.5,192204,Roerslev Rasmussen,DEF,4.5,36335
Mbeumo,,,,,Mbeumo,Mbeumo,Mbeumo,Bryan Mbeumo,6afaebf2,446008,108,Mbeumo,MID,Brentford,6.8,192214,Mbeumo,MID,7.1,36379
Janelt,,,,,Janelt,Janelt,Janelt,Vitaly Janelt,8449d35e,204580,105,Janelt,MID,Brentford,5.5,192211,Janelt,MID,5,35925
Jensen,,,,,Jensen,Jensen,Jensen,Mathias Jensen,0f134faf,207283,106,Jensen,MID,Brentford,5.4,192210,Jensen,MID,6,35065
Norgaard,,,,,Norgaard,Norgaard,Norgaard,Christian Nørgaard,df0a4c90,128295,110,Nørgaard,MID,Brentford,5.5,192201,Norgaard,MID,5,34403
Schade,,,,,,Schade,Schade,Kevin Schade,52afb588,513418,115,Schade,MID,Brentford,5.4,2833740,Schade,FWD,5.5,37222
Damsgaard,,,,,,Damsgaard,Damsgaard,Mikkel Damsgaard,215f3907,440089,98,Damsgaard,MID,Brentford,4.9,2064482,Damsgaard,MID,5,36710
Dasilva,,,,,Josh Da Silva,Dasilva,Dasilva,Josh Dasilva,60344e4f,183656,99,Dasilva,MID,Brentford,4.9,192202,Dasilva,MID,5.5,36091
Lewis-Potter,,,,,,Lewis-Potter,Lewis-Potter,Keane Lewis-Potter,41f08ac8,249231,107,Lewis-Potter,MID,Brentford,4.9,1814996,Lewis-Potter,MID,4.5,36944
Onyeka,,,,,Onyeka,Onyeka,Onyeka,Frank Onyeka,2944f86f,428580,111,Onyeka,MID,Brentford,4.9,233401,Onyeka,MID,4.5,35796
Baptiste,,,,,Baptiste (Shandon),Baptiste (Shandon),Baptiste (Shandon),Shandon Baptiste,2886c9b5,432160,92,Baptiste,MID,Brentford,4.5,192215,Baptiste,MID,4.5,35893
Toney,,,,,Toney,Toney,Toney,Ivan Toney,e09f279b,144485,117,Toney,FWD,Brentford,7.9,192217,Toney,FWD,8,35140
Wissa,,,,,Wissa,Wissa,Wissa,Yoane Wissa,2500cef9,216646,119,Wissa,FWD,Brentford,6.2,242911,Wissa,FWD,6.6,35311
Steele,,,,,Steele,Steele,Steele,Jason Steele,28300a16,49262,148,Steele,GK,Brighton,4.5,197282,Steele,GK,5,33103
Verbruggen,,,,,,,Verbruggen,Bart Verbruggen,cf134113,489639,152,Verbruggen,GK,Brighton,4.4,3591888,Verbruggen,GK,4.5,37486
Dunk,Dunk,Dunk,Dunk,Dunk,Dunk,Dunk,Dunk,Lewis Dunk,282f75f3,83299,129,Dunk,DEF,Brighton,5,45008,Dunk,DEF,4.5,33563
Estupinan,,,,,,Estupiñán,Estupiñán,Pervis Estupiñán,d38fdf53,204214,131,Estupiñan,DEF,Brighton,5.3,2131535,Estupinan,DEF,5.1,35816
Veltman,,,,Veltman,Veltman,Veltman,Veltman,Joël Veltman,dad4b285,111478,151,Veltman,DEF,Brighton,4.4,177020,Veltman,DEF,4.5,33618
Webster,,,Webster,Webster,Webster (Adam),Webster (Adam),Webster,Adam Webster,c40b6180,110735,153,Webster,DEF,Brighton,4.4,139208,Webster,DEF,4.5,34703
Igor,,,,,,,Igor,Igor,a4e85758,223434,606,Igor,DEF,Brighton,4.4,3629364,Igor,DEF,4.5,35833
Gross,Groß,Groß,Groß,Groß,Groß,Groß,Groß,Pascal Groß,8aec0537,60307,134,Gross,MID,Brighton,6.4,45084,GroSs,MID,6.9,33404
March,Solly March,Solly March,Solly March,Solly March,March,March,March,Solly March,bb5fbd2b,109345,140,March,MID,Brighton,6.6,45018,March,MID,6.7,34535
Mitoma,,,,,,Mitoma,Mitoma,Kaoru Mitoma,74618572,451340,143,Mitoma,MID,Brighton,6.6,1783652,Mitoma,MID,7.6,35570
Enciso,,,,,,Enciso,Enciso,Julio César Enciso,9cfbad36,474120,130,Enciso,MID,Brighton,5.4,1695163,Enciso,MID,6,38009
Buonanotte,,,,,,Buonanotte,Buonanotte,Facundo Buonanotte,468a7a91,536916,125,Buonanotte,MID,Brighton,4.9,2818757,Buonanotte,MID,5,38344
Dahoud,,,,,,,Dahoud,Mahmoud Dahoud,db4ed67b,168090,128,Dahoud,MID,Brighton,4.9,3556531,Dahoud,MID,5,35065
Gilmour,,,Gilmour,Gilmour,Gilmour,Gilmour,Gilmour,Billy Gilmour,df10e27c,243568,133,Gilmour,MID,Brighton,5,144450,Gilmour,MID,4.5,37053
Lallana,Lallana,Lallana,Lallana,Lallana,Lallana,Lallana,Lallana,Adam Lallana,99813635,39155,138,Lallana,MID,Brighton,4.9,23127,Lallana,MID,4.5,32273
Milner,Milner,Milner,Milner,Milner,Milner,Milner,Milner,James Milner,2f90f6b8,15157,142,Milner,MID,Brighton,5,23117,Milner,MID,5,31416
Kudus,,,,,,,Mohammed Kudus,Kudus Mohammed,b62878a5,460842,689,Kudus,MID,West Ham,6.5,3649502,Kudus,MID,6.5,36740
E Ferguson,,,,,,Ferguson (Evan),Ferguson (Evan),Evan Ferguson,4596da74,487117,132,Ferguson,FWD,Brighton,5.9,426576,Ferguson,FWD,6.5,38279
Welbeck,Welbeck,Welbeck,Welbeck,Welbeck,Welbeck,Welbeck,Welbeck,Danny Welbeck,ce5143da,50175,154,Welbeck,FWD,Brighton,5.9,23331,Welbeck,FWD,6.4,33203
Pedro,,,João Pedro,João Pedro,João Pedro,,João Pedro,João Pedro,e8832875,475168,135,João Pedro,FWD,Brighton,5.5,164449,Pedro,FWD,5.5,37160
Muric,,,,,,,Muric,Arijanet Muric,99aa1a84,232917,172,Muric,GK,Burnley,4.4,3584371,Muric,GK,4.5,36106
Trafford,,,,,,,Trafford,James Trafford,259fea27,432720,596,Trafford,GK,Burnley,4.5,3628567,Trafford,GK,4.5,37539
O'Shea,,,,,,,O'Shea,Dara O'Shea,1d042188,216616,173,O'Shea,DEF,Burnley,4.5,3584336,O'Shea,DEF,4,36223
Roberts,Roberts (Connor),,,,Roberts (Connor),,Roberts (Connor),Connor Roberts,24fae784,192290,176,Roberts,DEF,Burnley,4.5,3584335,Roberts,DEF,4.5,34965
Vitinho,,,,,,,Vitinho,Vitinho,9295dc1c,441455,182,Vitinho,DEF,Burnley,4.5,3584362,Vitinho,DEF,4.5,36364
Al-Dakhil,,,,,,,Al Dakhil,Ameen Al-Dakhil,93e08bce,487968,157,Al-Dakhil,DEF,Burnley,4,3584332,Al-Dakhil,DEF,4,37321
Beyer,,,,,,,Beyer,Jordan Beyer,9af1f9ff,241231,160,Beyer,DEF,Burnley,4,3584356,Beyer,DEF,4,36665
Ekdal,,,,,,,Ekdal,Hjalmar Ekdal,3d554589,478969,167,Ekdal,DEF,Burnley,4,3584351,Ekdal,DEF,4,36089
Taylor,Taylor (Charlie),Taylor (Charlie),Taylor (Charlie),Taylor (Charlie),Taylor (Charlie),,Taylor,Charlie Taylor,cc2d7ad5,103914,178,Taylor,DEF,Burnley,4,3584334,Taylor,DEF,4,34230
Benson,,,,,,,Manuel,Benson Manuel,d7f99582,183751,159,Benson,MID,Burnley,5.4,3584367,Hedilazio,MID,6,35517
Lokonga,,,,,Sambi Lokonga,Sambi Lokonga,Sambi Lokonga,Albert Sambi Lokonga,1b4f1169,437742,21,Sambi,MID,Arsenal,4.9,233400,Lokonga,MID,4.5,36455
Brownhill,,,Brownhill,Brownhill,Brownhill,,Brownhill,Josh Brownhill,47369df8,172782,161,Brownhill,MID,Burnley,4.9,3584359,Brownhill,MID,5.5,35052
Cork,Cork,Cork,Cork,Cork,Cork,,Cork,Jack Cork,74e12f1e,40145,163,Cork,MID,Burnley,4.9,3584368,Cork,MID,4.5,32684
Cullen,,,,,,,Cullen,Josh Cullen,f6d7d690,172567,165,Cullen,MID,Burnley,5,3584337,Cullen,MID,5,35162
Gudmundsson,Gudmundsson,Gudmundsson,Gudmundsson,Gudmundsson,Gudmundsson,,Gudmundsson,Jóhann Berg Guðmundsson,f72293fc,60586,170,Gudmundsson,MID,Burnley,4.9,3584358,Gudmundsson,MID,5,33173
Zaroury,,,,,,,Zaroury,Anass Zaroury,07d65234,511783,184,Zaroury,MID,Burnley,4.9,3584345,Zaroury,MID,4.9,36837
Berge,,,Berge,Berge,,,Berge,Sander Berge,d0b6129f,207189,475,Berge,MID,Burnley,5,3584353,Berge,MID,5,35840
Redmond,Redmond,Redmond,Redmond,Redmond,Redmond,Redmond,Redmond,Nathan Redmond,ab651565,83283,600,Redmond,MID,Burnley,4.9,3628724,Redmond,MID,4.5,34399
Bruun Larsen,,,,,,,Bruun Larsen,Jacob Bruun Larsen,4e204552,179458,608,Bruun Larsen,MID,Burnley,5,3629565,Bruun Larsen,MID,4.5,36057
A Ramsey,,,,,,Ramsey (Aaron),Aaron Ramsey,Aaron Ramsey,e1618c22,447715,675,A.Ramsey,MID,Burnley,5,3646973,Ramsey,MID,4.5,37642
Rodriguez,Rodriguez,,Rodriguez,Rodriguez,Rodriguez,,Rodriguez,Jay Rodriguez,4ab53cdb,44683,177,Rodriguez,FWD,Burnley,5.4,3584340,Rodriguez,FWD,5.5,32718
Amdouni,,,,,,,Amdouni,Zeki Amdouni,2ee5b0c9,492831,594,Amdouni,FWD,Burnley,5.5,3628161,Amdouni,FWD,6,36864
Foster,,,,,,,Foster,Lyle Foster,f84a807c,435973,168,Foster,FWD,Burnley,5,3584363,Foster,FWD,5,36772
Obafemi,,,,,,,Obafemi,Michael Obafemi,caa1a7f0,220598,174,Obafemi,FWD,Burnley,4.9,3584357,Obafemi,FWD,5,36713
Sanchez,,,,Sanchez,Sanchez,Sanchez (Robert),Sanchez (Robert),Robert Sánchez,6a713852,215059,145,Sanchez,GK,Chelsea,4.5,192988,Sanchez,GK,5,35752
Chilwell,Chilwell,Chilwell,Chilwell,Chilwell,Chilwell,Chilwell,Chilwell,Ben Chilwell,d2424d1b,172850,195,Chilwell,DEF,Chelsea,5.8,24083,Chilwell,DEF,5.5,35420
James,,,James (Reece),James (Reece),James (Reece),James (Reece),James (Reece),Reece James,1265a93a,225796,206,James,DEF,Chelsea,5.4,148332,James,DEF,5.5,36502
Cucurella,,,,,Cucurella,Cucurella,Cucurella,Marc Cucurella,1daec722,179268,198,Cucurella,DEF,Man United,4.9,257179,Cucurella,DEF,5,35998
T Silva,,,,Thiago Silva,Thiago Silva,Thiago Silva,Thiago Silva,Thiago Silva,86e7deaf,51090,217,T.Silva,DEF,Chelsea,5,180322,Silva,DEF,4.5,30947
Disasi,,,,,,,Disasi,Axel Disasi,ad82197c,220362,611,Disasi,DEF,Chelsea,5.1,3634178,Disasi,DEF,5,35865
Badiashile,,,,,,Badiashile,Badiashile,Benoît Badiashile,06df8256,242880,191,B.Badiashile,DEF,Chelsea,4.4,2840078,Badiashile,DEF,5,36976
Chalobah,,,,,Chalobah (Trevoh),Chalobah (Trevoh),Chalobah (Trevoh),Trevoh Chalobah,5515376c,180736,194,Chalobah,DEF,Chelsea,4.4,242981,Chalobah,DEF,4.5,36346
Colwill,,,,,,Colwill,Colwill,Levi Colwill,700783e7,460028,197,Colwill,DEF,Chelsea,4.5,2024700,Colwill,DEF,4.5,37678
Gusto,,,,,,,Gusto,Malo Gusto,d56b9520,482609,203,Gusto,DEF,Chelsea,4.1,3556528,Gusto,DEF,4.5,37760
Sterling,Sterling (Raheem),Sterling (Raheem),Sterling (Raheem),Sterling,Sterling (Raheem),Sterling (Raheem),Sterling (Raheem),Raheem Sterling,b400bde0,103955,216,Sterling,MID,Chelsea,7.1,23153,Sterling,MID,7.9,34676
Mudryk,,,,,,Mudryk,Mudryk,Mykhailo Mudryk,049a888d,465920,210,Mudryk,MID,Chelsea,6.4,2867399,Mudryk,MID,7,36896
Gallagher,,Gallagher,,Gallagher,Gallagher,Gallagher,Gallagher,Conor Gallagher,c2731c10,232787,202,Gallagher,MID,Chelsea,5.5,184630,Gallagher,MID,6,36562
Madueke,,,,,,Madueke,Madueke,Chukwunonso Madueke,bf34eebd,248857,208,Madueke,MID,Chelsea,5.4,2882403,Madueke,MID,6,37325
Maatsen,,,,,,,Maatsen,Ian Maatsen,cab9634e,441302,609,Maatsen,MID,Chelsea,5.3,3629422,Maatsen,DEF,4.5,37325
Fernandez,,,,,,Fernández (Enzo),Fernández (Enzo),Enzo Fernández,5ff4ab71,448047,199,Enzo,MID,Chelsea,5,2930183,Fernandez,MID,5.4,36908
Chukwuemeka,,,,Chukwuemeka,Chukwuemeka (Carney),Chukwuemeka,Chukwuemeka,Carney Chukwuemeka,18c70acb,478912,196,Chukwuemeka,MID,Chelsea,4.5,221680,Chukwuemeka,MID,5,37914
Ugochukwu,,,,,,,Ugochukwu,Lesley Ugochukwu,1df4a109,503714,613,Lesley Ugochukwu,MID,Chelsea,4.5,3631216,Ugochukwu,MID,4.5,38072
Adams,,,,,,Adams (Tyler),Adams (Tyler),Tyler Adams,2b09d998,200785,673,Adams,MID,Bournemouth,5,1783669,Adams,MID,4.5,36205
Lavia,,,,,,Lavia,Lavia,Roméo Lavia,ecad9aa5,514356,667,Lavia,MID,Chelsea,5,1783661,Lavia,MID,5,37992
Nkunku,,,,,,,Nkunku,Christopher Nkunku,7c56da38,213198,212,Nkunku,FWD,Chelsea,7.4,3584407,Nkunku,FWD,8,35748
Jackson,,,,,,,Jackson,Nicolas Jackson,9c36ed83,517052,211,N.Jackson,FWD,Chelsea,7.1,3590554,Jackson,FWD,7,37062
Broja,,,,,Broja,Broja,Broja,Armando Broja,97220da2,440323,193,Broja,FWD,Chelsea,4.9,242869,Broja,FWD,6,37144
Guaita,,Guaita,Guaita,Guaita,Guaita,Guaita,Guaita,Vicente Guaita,ab13a5aa,40836,227,Guaita,GK,Crystal Palace,4.4,88473,Guaita,GK,4.5,31787
Johnstone,,,,Johnstone,,Johnstone,Johnstone,Sam Johnstone,9e5708be,101982,230,Johnstone,GK,Crystal Palace,4.5,1758328,Johnstone,GK,4.5,34053
Whitworth,,,,,,Whitworth,Whitworth,Joseph Whitworth,3f847d95,487818,243,Whitworth,GK,Crystal Palace,4,3087036,Whitworth,GK,4,38046
Hall,,,,,,Lewis Hall,Lewis Hall,Lewis Hall,da011f18,487838,204,Hall,DEF,Newcastle United,4.5,2707125,Hall,MID,5,38238
J Andersen,,,,Andersen,Andersen,Andersen,Andersen (Joachim),Joachim Andersen,e34fc66d,174874,220,Andersen,DEF,Crystal Palace,4.6,187804,Andersen,DEF,4.5,35216
Clyne,Clyne,Clyne,,Clyne,Clyne,Clyne,Clyne,Nathaniel Clyne,0442183b,57328,222,Clyne,DEF,Crystal Palace,4.4,189201,Clyne,DEF,4.5,33333
Guehi,,,,,Marc Guehi,Marc Guehi,Marc Guehi,Marc Guéhi,d0706b27,209036,228,Guéhi,DEF,Crystal Palace,4.5,231961,Guehi,DEF,4.5,36720
Mitchell,,,Mitchell,Mitchell,Mitchell,Mitchell,Mitchell,Tyrick Mitchell,5cbd1eb0,244723,234,Mitchell,DEF,Crystal Palace,4.5,174861,Mitchell,DEF,4.5,36404
Ward,Ward (Joel),Ward (Joel),Ward (Joel),Ward (Joel),Ward (Joel),Ward (Joel),Ward (Joel),Joel Ward,8a7ff278,55494,242,Ward,DEF,Crystal Palace,4.5,23018,Ward,DEF,4.5,32810
C Richards,,,,,,Richards (Chris),Richards (Chris),Chris Richards,0a3d6d2b,427623,238,C.Richards,DEF,Crystal Palace,4,1908560,Richards,DEF,4,36613
N Ferguson,,,,,Ferguson (Nathan),,Ferguson (Nathan),Nathan Ferguson,2f8d27bc,232423,,N. Ferguson,DEF,Crystal Palace,3.5,178020,Ferguson,DEF,4,36805
Eze,,,,Eze,Eze,Eze,Eze,Eberechi Eze,ae4fc6a4,232413,226,Eze,MID,Crystal Palace,6.4,180321,Eze,MID,7.4,35975
Olise,,,,,Olise,Olise,Olise,Michael Olise,c4486bac,443661,236,Olise,MID,Crystal Palace,5.9,230249,Olise,MID,6,37237
Ayew,Jordan Ayew,Jordan Ayew,Jordan Ayew,Jordan Ayew,Jordan Ayew,Ayew (Jordan),Ayew (Jordan),Jordan Ayew,da052c14,80146,221,J.Ayew,MID,Crystal Palace,5.5,35701,Ayew,FWD,5.5,33492
C Doucoure,,,,,,Doucouré (Cheick),Doucouré (Cheick),Cheick Doucouré,ce4f40c7,438464,223,C.Doucouré,MID,Crystal Palace,5,1812135,Doucoure,MID,5,36533
Hughes,Hughes (Will),Hughes (Will),Hughes,,Hughes (Will),Hughes (Will),Hughes (Will),Will Hughes,a0666d3e,108413,229,Hughes,MID,Crystal Palace,4.9,45036,Hughes,MID,4.5,34806
Lerma,,Lerma,Lerma,,,Lerma,Lerma,Jefferson Lerma,9b5ce51a,152551,231,Lerma,MID,Crystal Palace,4.9,230744,Lerma,MID,5,34663
Schlupp,Schlupp,Schlupp,Schlupp,Schlupp,Schlupp,Schlupp,Schlupp,Jeffrey Schlupp,3312f911,86417,240,Schlupp,MID,Crystal Palace,5,23103,Schlupp,MID,5.5,33961
Ahamada,,,,,,Ahamada,Ahamada,Naouirou Ahamada,a6c58494,466117,219,Ahamada,MID,Crystal Palace,4.4,2930174,Ahamada,MID,4.5,37344
Edouard,,,,,Edouard,Edouard,Edouard,Odsonne Édouard,0562b7f1,199670,225,Edouard,FWD,Crystal Palace,5.5,257274,Edouard,FWD,6,35811
Mateta,,,,Mateta,Mateta,Mateta,Mateta,Jean-Philippe Mateta,50e6dc35,231747,232,Mateta,FWD,Crystal Palace,4.9,201968,Mateta,FWD,5,35609
Rak-Sakyi,,,,,Rak-Sakyi,,Rak-Sakyi,Jesuran Rak Sakyi,45685411,450542,657,Rak-Sakyi,FWD,Crystal Palace,4.5,,,,,37534
Pickford,Pickford,Pickford,Pickford,Pickford,Pickford,Pickford,Pickford,Jordan Pickford,4806ec67,111234,263,Pickford,GK,Everton,4.5,23433,Pickford,GK,4.4,34400
Virginia,,,,João Virgínia,João Virgínia,,J.Virginia,João Virgínia,728e9b2e,222627,266,J.Virginia,GK,Everton,4,3556537,Virginia,GK,4,36443
Coleman,Coleman (Seamus),Coleman (Seamus),Coleman,Coleman,Coleman,Coleman,Coleman,Séamus Coleman,0420d84f,59949,247,Coleman,DEF,Everton,4.4,23059,Coleman,DEF,4.5,32427
Godfrey,,,Godfrey,Godfrey,Godfrey,Godfrey,Godfrey,Ben Godfrey,9f7c837d,198826,252,Godfrey,DEF,Everton,4.4,131352,Godfrey,DEF,4.5,35810
Keane,Keane,Keane,Keane,Keane,Keane,Keane,Keane,Michael Keane,c5b7c315,106611,257,Keane,DEF,Everton,4.5,23378,Keane,DEF,4.4,33980
Mykolenko,,,,,Mykolenko,Mykolenko,Mykolenko,Vitaliy Mykolenko,30d4a2e5,224967,260,Mykolenko,DEF,Everton,4.4,274827,Mykolenko,DEF,4.5,36309
Patterson,,,,,,Patterson (Nathan),Patterson (Nathan),Nathan Patterson,230f0471,243571,262,Patterson,DEF,Everton,4.5,274923,Patterson,DEF,4.4,37180
Tarkowski,Tarkowski,Tarkowski,Tarkowski,Tarkowski,Tarkowski,Tarkowski,Tarkowski,James Tarkowski,15ea812b,17761,265,Tarkowski,DEF,Everton,4.5,23287,Tarkowski,DEF,4.5,33927
Young,Young,Young,Young (Ashley),,Young (Ashley),Young (Ashley),Young (Ashley),Ashley Young,be927d03,18892,588,Young,DEF,Everton,4.5,3627935,Young,DEF,4.5,31237
A Doucoure,Doucouré,Doucouré,Doucouré,Doucouré,Doucouré,Doucouré (Abdoulaye),Doucouré (Abdoulaye),Abdoulaye Doucouré,02b29014,121599,249,A.Doucoure,MID,Everton,5.5,23492,Doucoure,MID,5,33970
Gray,Gray (Demarai),Gray (Demarai),Gray (Demarai),Gray,Gray (Demarai),Gray (Demarai),Gray (Demarai),Demarai Gray,4468ec10,172632,253,Gray,MID,Everton,5.4,234800,Gray,MID,6,35244
Iwobi,Iwobi,Iwobi,Iwobi,Iwobi,Iwobi,Iwobi,Iwobi,Alex Iwobi,6ca5ec4b,153133,256,Iwobi,MID,Everton,5.4,23326,Iwobi,MID,6,35188
McNeil,McNeil,McNeil,McNeil,McNeil,McNeil,McNeil,McNeil,Dwight McNeil,fc15fb84,433154,259,McNeil,MID,Everton,5.4,96761,McNeil,MID,6,36486
Danjuma,,,Danjuma Groeneveld,,,Danjuma Groeneveld,Danjuma Groeneveld,Arnaut Danjuma,f08490a6,220307,601,Danjuma,MID,Everton,5.5,3628798,Danjuma,MID,6,35461
Garner,,Garner,Garner,,,Garner,Garner,James Garner,4e015693,232928,250,Garner,MID,Everton,5,255546,Garner,MID,4.5,36963
Gueye,Gueye,Gueye,,,,Gueye,Gueye,Idrissa Gana Gueye,72c812f3,80801,254,Gana,MID,Everton,4.9,2268238,Gueye,MID,5,32777
Amadou Onana,,,,,,Mvom Onana,Mvom Onana,Amadou Onana,828657ff,449871,261,Onana,MID,Everton,4.9,2018116,Onana,MID,5,37119
Calvert-Lewin,Calvert-Lewin,Calvert-Lewin,Calvert-Lewin,Calvert-Lewin,Calvert-Lewin,Calvert-Lewin,Calvert-Lewin,Dominic Calvert-Lewin,59e6e5bf,177815,246,Calvert-Lewin,FWD,Everton,5.8,40266,Calvert-Lewin,FWD,6.4,35505
Maupay,,,Maupay,Maupay,Maupay,Maupay,Maupay,Neal Maupay,4bcf39f6,115382,258,Maupay,FWD,Everton,5,139797,Maupay,FWD,5.5,35291
Gnonto,,,,,,Gnonto,Gnonto,Wilfried Gnonto,75fdd638,492859,,Gnonto,FWD,Everton,3.5,2268242,,,,37930
Leno,,Leno,Leno,Leno,Leno,Leno,Leno,Bernd Leno,2628fd2b,80201,275,Leno,GK,Fulham,4.5,88472,Leno,GK,4.5,33667
Rodak,,,,Rodák,,Rodák,Rodák,Marek Rodák,17acc2ed,155529,284,Rodák,GK,Fulham,4,231145,Rodak,GK,4,35412
Diop,,Diop,Diop,Diop,Diop,Diop,Diop,Issa Diop,a712ca2b,219924,271,Diop,DEF,Fulham,4.5,88449,Diop,DEF,4.5,35439
Ream,,Ream,,,,Ream,Ream,Tim Ream,28b40c9c,82514,281,Ream,DEF,Fulham,4.5,231152,Ream,DEF,4.4,32055
A Robinson,,,,Robinson (Antonee),,Robinson (Antonee),Robinson (Antonee),Antonee Robinson,289601e6,169528,283,Robinson,DEF,Fulham,4.5,231153,Robinson,DEF,4.5,35650
Tete,,,,Tete,,Tete,Tete,Kenny Tete,77d7c96f,167074,285,Tete,DEF,Fulham,4.5,231155,Tete,DEF,4.5,34981
Bassey,,,,,,,Ughelumba,Calvin Bassey,a36524bf,232892,610,Bassey,DEF,Fulham,4.5,3629982,Bassey,DEF,4.5,36525
Mbabu,,,,,,Mbabu,Mbabu,Kevin Mbabu,493924a7,120721,277,Mbabu,DEF,Fulham,4,1908559,Mbabu,DEF,4,34808
Castagne,,,,Castagne,Castagne,Castagne,Castagne,Timothy Castagne,197640fd,166477,688,Castagne,DEF,Fulham,4.5,182119,Castagne,DEF,4.5,35038
Pereira,,Pereira (Andreas),Pereira,,,Pereira,Pereira (Andreas),Andreas Pereira,6639e500,156689,267,Andreas,MID,Fulham,5.5,242909,Pereira,MID,6,35065
Reid,,Reid (Bobby),,DeCordova-Reid,,DeCordova-Reid,DeCordova-Reid,Bobby Reid,0f7533cd,96994,270,De Cordova-Reid,MID,Fulham,5.5,231165,De-Cordova Reid,MID,5.5,34002
H Wilson,,,H Wilson,,,Wilson (Harry),Wilson (Harry),Harry Wilson,c6dc9ecd,153682,288,Wilson,MID,Fulham,5.4,234793,Wilson,MID,5.5,35511
Willian,Willian,Willian,Willian,Willian,,Willian,Willian,Willian,8b9ebd03,47431,591,Willian,MID,Fulham,5.4,2268237,Willian,MID,5.9,32364
Hudson-Odoi,Hudson-Odoi,Hudson-Odoi,Hudson-Odoi,Hudson-Odoi,Hudson-Odoi,,Hudson-Odoi,Callum Hudson-Odoi,15f3ec41,209046,205,Hudson-Odoi,MID,Nott'm Forest,4.9,69539,Hudson-Odoi,MID,5,36837
Cairney,,Cairney,,Cairney,,Cairney,Cairney,Tom Cairney,a8748947,76357,268,Cairney,MID,Fulham,5,231161,Cairney,MID,4.5,33258
Palhinha,,,,,,João Palhinha,João Palhinha,João Palhinha,a78ff07f,154296,280,J.Palhinha,MID,Fulham,5,1761568,Palhinha,MID,5,34889
Reed,,,,Reed,,Reed,Reed,Harrison Reed,803ae100,153366,282,Reed,MID,Fulham,4.9,231160,Reed,MID,5,34726
Lukic,,,,,,Lukic,Lukic,Saa Luki?,c6e8cf1f,212314,276,Luki?,MID,Fulham,4.5,2930172,Lukic,MID,4.5,35290
Jimenez,,Raúl Jiménez,Raúl Jiménez,Raúl Jiménez,Raúl Jiménez,Raúl Jiménez,Raúl Jiménez,Raúl Jiménez,b561db50,102057,558,Raúl,FWD,Fulham,5.4,88528,Jimenez,FWD,6,33363
Vinicius,,,,Carlos Vinicius,,Carlos Vinicius,Carlos Vinicius,Carlos Vinícius,8b529245,245824,287,Vinícius,FWD,Fulham,4.9,2268244,Vinicius,FWD,6,34783
Alisson,,Alisson,Alisson,Alisson,Alisson,Alisson,Alisson,Alisson,7a2e46a8,116535,291,Alisson,GK,Liverpool,5.5,90826,Alisson,GK,6,33879
Kelleher,,,,Kelleher,Kelleher,Kelleher,Kelleher,Caoimhín Kelleher,62d7ef38,200720,301,Kelleher,GK,Liverpool,4,140028,Kelleher,GK,5.5,36122
Trent,Alexander-Arnold,Alexander-Arnold,Alexander-Arnold,Alexander-Arnold,Alexander-Arnold,Alexander-Arnold,Alexander-Arnold,Trent Alexander-Arnold,cd1acf9d,169187,290,Alexander-Arnold,DEF,Liverpool,7.9,28906,Alexander-Arnold,DEF,6.9,36075
Robertson,Robertson,Robertson,Robertson,Robertson,Robertson,Robertson (Andrew),Robertson (Andrew),Andrew Robertson,2e4f5f03,122798,307,Robertson,DEF,Liverpool,6.5,45120,Robertson,DEF,6.4,34404
van Dijk,van Dijk,van Dijk,van Dijk,van Dijk,van Dijk,van Dijk,van Dijk,Virgil van Dijk,e06683ca,97032,313,Virgil,DEF,Liverpool,6,23238,van Dijk,DEF,6,33427
Konate,,,,,Konaté,Konaté,Konaté,Ibrahima Konaté,5ed9b537,204716,302,Konaté,DEF,Liverpool,5,225319,Konate,DEF,5.5,36305
Matip,Matip,Matip,Matip,Matip,Matip,Matip,Matip,Joël Matip,b217ef29,60914,305,Matip,DEF,Liverpool,4.9,23135,Matip,DEF,5.5,33458
J Gomez,Gomez,Gomez,Gomez,Gomez,Gomez,Gomez,Gomez,Joe Gomez,7a11550b,171287,298,Gomez,DEF,Liverpool,4.5,23120,Gomez,DEF,5.9,35573
Tsimikas,,,,Tsimikas,Tsimikas,Tsimikas,Tsimikas,Kostas Tsimikas,f315ca93,214285,311,Tsimikas,DEF,Liverpool,4.4,178132,Tsimikas,DEF,5.5,35197
Salah,Salah,Salah,Salah,Salah,Salah,Salah,Salah,Mohamed Salah,e342ad68,118748,308,Salah,MID,Liverpool,12.5,45106,Salah,MID,12,33770
Jota,,Diogo Jota,Diogo Jota,Diogo Jota,Diogo Jota,Diogo Jota,Diogo Jota,Diogo Jota,178ae8f8,194634,294,Diogo J.,MID,Liverpool,8,88567,Jota,MID,7.5,35403
Diaz,,,,,Díaz,Díaz,Díaz,Luis Díaz,4a1a9578,244731,303,Luis Díaz,MID,Liverpool,7.7,283021,Diaz,MID,7.6,35443
Szoboszlai,,,,,,,Szoboszlai,Dominik Szoboszlai,934e1968,424876,309,Szoboszlai,MID,Liverpool,7,3590555,Szoboszlai,MID,7,36824
Mac Allister,,,Alexis Mac Allister,Mac Allister,Mac Allister,Mac Allister,Mac Allister,Alexis Mac Allister,83d074ff,243016,304,Mac Allister,MID,Liverpool,6,163914,Mac Allister,MID,6.4,36153
Caicedo,,,,,Moises Caicedo,Moises Caicedo,Moises Caicedo,Moisés Caicedo,16264a81,486672,126,Caicedo,MID,Chelsea,4.9,203010,Caicedo,MID,5.4,37197
Bajcetic,,,,,,Bajcetic,Bajcetic,Stefan Bajcetic,32e8417f,535928,292,Bajcetic,MID,Liverpool,4.9,2207564,Bajčetić,MID,4.5,38282
Elliott,,,,,Elliott,Elliott (Harvey),Elliott,Harvey Elliott,c8387671,444884,295,Elliott,MID,Liverpool,4.9,241953,Elliott,MID,5.5,37715
Jones,,,Jones (Curtis),Jones (Curtis),Jones (Curtis),Jones (Curtis),Jones (Curtis),Curtis Jones,4fb9c88f,206915,300,Jones,MID,Liverpool,4.9,154682,Jones,MID,5.5,36921
Thiago,,,,Thiago Alcántara,Thiago Alcántara,Thiago Alcántara,Thiago Alcántara,Thiago Alcántara,77e84962,61558,310,Thiago,MID,Liverpool,4.9,184638,Alcantara,MID,5,33339
Nunez,,,,,,Núñez,Núñez,Darwin Núñez,4d77b365,447203,293,Darwin,FWD,Liverpool,7.3,1677500,Nunez,FWD,7.9,36335
Gakpo,,,,,,Gakpo,Gakpo,Cody Gakpo,1971591f,243298,297,Gakpo,FWD,Liverpool,7.4,2818755,Gakpo,FWD,7.5,36287
Shea,,,,,,,Shea,James Shea,ee7c0a5e,77818,335,Shea,GK,Luton Town,4.5,3584394,Shea,GK,4,33405
Kaminski,,,,,,,Kaminski,Thomas Kaminski,1caa93a5,54738,614,Kaminski,GK,Luton Town,4.5,3634177,Kaminski,GK,4,33900
Doughty,,,,,,,Doughty,Alfie Doughty,bf33b257,244262,321,Doughty,DEF,Luton Town,4.4,3584388,Doughty,DEF,4.5,36515
Osho,,,,,,,Osho,Gabriel Osho,cd889153,199056,330,Osho,DEF,Luton Town,4.5,3584398,Osho,DEF,4,36021
Giles,,,,,,,Giles,Ryan John Giles,73b1d65b,232351,553,Giles,DEF,Luton Town,4.5,3627792,Giles,DEF,4.5,36551
Lockyer,,,,,,,Lockyer,Tom Lockyer,37118440,108796,575,Lockyer,DEF,Luton Town,4.4,3584387,Lockyer,DEF,4.4,34671
M Andersen,,,,,,,Andersen (Mads),Mads Juel Andersen,f098c03e,208904,315,Andersen,DEF,Luton Town,4,3591231,Andersen,DEF,4,35791
Bell,,,,,,,Bell,Amari'i Bell,399e9474,165183,316,Bell,DEF,Luton Town,4,3584378,Bell,DEF,4,34459
Burke,,,,,,,Burke,Reece Burke,a681b7b7,156658,318,Burke,DEF,Luton Town,4,3584406,Burke,DEF,4,35310
Kabore,,,,,,,Issa Kabore,Issa Kaboré,c066d1a5,476369,602,Kaboré,DEF,Luton Town,4,3628729,Kabore,DEF,4,37023
Campbell,,,,,,,Campbell,Allan Campbell,858409be,193195,319,Campbell,MID,Luton Town,4.9,3584401,Campbell,MID,5,35980
Clark,,,,,,,Clark,Jordan Clark,7c5fa6cf,96784,320,Clark,MID,Luton Town,4.9,3584393,Clark,MID,5,34234
Freeman,,,Freeman (Luke),,,,Freeman,Luke Freeman,636b64cd,49083,322,Freeman,MID,Luton Town,4.9,3584404,Freeman,MID,4.5,33685
Mpanzu,,,,,,,Ruddock Mpanzu,Pelly Ruddock Mpanzu,a9b1c319,104047,582,Mpanzu,MID,Luton Town,4.9,3584382,Mpanzu,MID,4.5,34167
Chong,,Chong,Chong,,,,Chong,Tahith Chong,2696b6a9,222677,586,Chong,MID,Luton Town,5,3627954,Chong,MID,5,36498
Nakamba,,,Nakamba,Nakamba,Nakamba,,Nakamba,Marvelous Nakamba,de5b5570,184704,52,Nakamba,MID,Luton Town,4.5,138600,Nakamba,MID,4.5,34353
Barkley,Barkley,Barkley,Barkley,Barkley,Barkley,,Barkley,Ross Barkley,3a24769f,88894,630,Barkley,MID,Luton Town,5,3638248,Barkley,MID,5.5,34308
Morris,,,,,,,Morris,Carlton Morris,2da834f1,156700,326,Morris,FWD,Luton Town,5.5,3584386,Morris,FWD,6,35049
Adebayo,,,,,,,Adebayo,Elijah Adebayo,0480ebc7,174310,314,Adebayo,FWD,Luton Town,5,3584405,Adebayo,FWD,5.5,35802
Ogbene,,,,,,,Ogbene,Chiedozie Ogbene,788c0277,229164,328,Ogbene,FWD,Luton Town,4.9,3584410,Ogbene,MID,5,35551
Woodrow,,,,,,,Woodrow,Cauley Woodrow,d3085b49,91046,340,Woodrow,FWD,Luton Town,4.5,3584395,Woodrow,MID,4.5,34670
Ederson,Ederson,Ederson,Ederson,Ederson,Ederson,Ederson,Ederson,Ederson,3bb7b8b4,121160,352,Ederson M.,GK,Man City,5.6,45113,Ederson,GK,6,34198
Ortega,,,,,,Ortega Moreno,Ortega Moreno,Stefan Ortega,c1242d4e,88248,361,Ortega Moreno,GK,Man City,4,1758327,Ortega,GK,5,33914
Dias,,,,Rúben Dias,Rúben Dias,Rúben Dias,Rúben Dias,Rúben Dias,31c69ef1,171314,350,Rúben,DEF,Man City,5.5,186737,Dias,DEF,6,35564
Stones,Stones,Stones,Stones,Stones,Stones,Stones,Stones,John Stones,5eecec3d,97299,368,Stones,DEF,Man City,5.3,23044,Stones,DEF,5.5,34482
Akanji,,,,,,Akanji,Akanji,Manuel Akanji,89ac64a6,211975,341,Akanji,DEF,Man City,5.1,2258875,Akanji,DEF,5.5,34899
Ake,Aké,Aké,Aké,Aké,Aké,Aké,Aké,Nathan Aké,eaeca114,126184,342,Aké,DEF,Man City,5.1,23346,Ake,DEF,5.5,34748
Walker,Walker,Walker,Walker,Walker (Kyle),Walker (Kyle),Walker,Walker,Kyle Walker,86dd77d1,58621,369,Walker,DEF,Man City,5.1,23260,Walker,DEF,5.5,33021
Gvardiol,,,,,,,Gvardiol,Joko Gvardiol,5ad50391,477424,616,Josko Gvardiol,DEF,Man City,5.1,3634364,Gvardiol,DEF,5.5,37279
Lewis,,,,,,Lewis (Rico),Lewis (Rico),Rico Lewis,b57e066e,477064,358,R.Lewis,DEF,Man City,4.5,2087563,Lewis,DEF,5,38312
De Bruyne,De Bruyne,De Bruyne,De Bruyne,De Bruyne,De Bruyne,De Bruyne,De Bruyne,Kevin De Bruyne,e46012d4,61366,349,De Bruyne,MID,Man City,10.3,23161,De Bruyne,MID,10,33417
Foden,Foden,Foden,Foden,Foden,Foden,Foden,Foden,Phil Foden,ed1e53f3,209244,353,Foden,MID,Man City,7.6,55898,Foden,MID,8.5,36674
Grealish,,,Grealish,Grealish,Grealish,Grealish,Grealish,Jack Grealish,b0b4fd3e,114283,354,Grealish,MID,Man City,7.4,131338,Grealish,MID,8,34952
B Silva,Bernardo Silva,Bernardo Silva,Bernardo Silva,Bernardo Silva,Bernardo Silva,Bernardo Silva,Bernardo Silva,Bernardo Silva,3eb22ec9,165809,344,Bernardo,MID,Man City,6.4,45081,Silva,MID,7,34556
Rodri,,,Rodri,Rodri,Rodri,Rodri,Rodri,Rodri,6434f10d,220566,365,Rodrigo,MID,Man City,5.7,132974,Rodri,MID,6.1,35238
Kovacic,,Kovacic,Kovacic,Kovacic,Kovacic,Kovacic,Kovacic,Mateo Kova?i?,79c0821a,91651,356,Kova?i?,MID,Man City,5,92389,Kovacic,MID,5.5,34460
Palmer,,,,,Palmer,Palmer,Palmer,Cole Palmer,dc7f8a28,244851,362,Palmer,MID,Chelsea,5,242906,Palmer,MID,5,37382
Phillips,,,,Phillips (Kalvin),Phillips (Kalvin),Phillips (Kalvin),Phillips (Kalvin),Kalvin Phillips,4f565d77,155405,364,Phillips,MID,Man City,4.9,176648,Phillips,MID,5,35035
Haaland,,,,,,Haaland,Haaland,Erling Haaland,1f44ac21,223094,355,Haaland,FWD,Man City,14,1677501,Haaland,FWD,12.6,36728
J Alvarez,,,,,,Álvarez,Álvarez (Julián),Julián Álvarez,15ab5a2b,461358,343,J.Alvarez,FWD,Man City,6.6,1677502,Alvarez,FWD,8.5,36556
Andre Onana,,,,,,,Onana,André Onana,e9c0c1b2,202641,597,Onana,GK,Man United,5,3628569,Onana,GK,5.5,35157
Henderson,,,Henderson (Dean),Henderson (Dean),,Henderson (Dean),Henderson (Dean),Dean Henderson,e5a76dfe,172649,385,Henderson,GK,Crystal Palace,4.5,137863,Henderson,GK,5.5,35501
Heaton,Heaton,Heaton,Heaton,,,,Heaton,Tom Heaton,a6de6361,21205,384,Heaton,GK,Man United,4,176811,Heaton,GK,4.5,31517
Shaw,Shaw,Shaw,Shaw,Shaw,Shaw,Shaw,Shaw,Luke Shaw,9c94165b,106760,398,Shaw,DEF,Man United,5.4,23188,Shaw,DEF,5.9,34892
Dalot,,Diogo Dalot,Diogo Dalot,,Diogo Dalot,Dalot,Dalot,Diogo Dalot,d9565625,216051,377,Dalot,DEF,Man United,4.9,242908,Dalot,DEF,5,36237
L Martinez,,,,,,Martínez,Martínez,Lisandro Martínez,bac46a10,221820,391,Martinez,DEF,Man United,4.9,1818085,Martinez,DEF,5.4,35813
Varane,,,,,Varane,Varane,Varane,Raphaël Varane,9f8e9423,90152,395,R.Varane,DEF,Man United,5.1,241033,Varane,DEF,5.6,34084
Lindelof,Lindelof,Lindelof,Lindelof,Lindelof,Lindelof,Lindelof,Lindelof,Victor Lindelöf,f5deef4c,184667,386,Lindelof,DEF,Man United,4.5,45053,Lindelof,DEF,5,34532
Malacia,,,,,,Malacia,Malacia,Tyrell Malacia,6b6c793c,222690,389,Malacia,DEF,Man United,4.4,1777193,Malacia,DEF,5,36389
Wan-Bissaka,Wan-Bissaka,Wan-Bissaka,Wan-Bissaka,Wan-Bissaka,Wan-Bissaka,Wan-Bissaka,Wan-Bissaka,Aaron Wan-Bissaka,9e525177,214590,401,Wan-Bissaka,DEF,Man United,4.6,32948,Wan-Bissaka,DEF,5.1,35760
Rashford,Rashford,Rashford,Rashford,Rashford,Rashford,Rashford,Rashford,Marcus Rashford,a1d5bd30,176297,396,Rashford,MID,Man United,9,23194,Rashford,FWD,9.4,35734
Fernandes,,,Bruno Fernandes,Bruno Fernandes,Bruno Fernandes,Bruno Fernandes,Bruno Fernandes,Bruno Fernandes,507c7bdf,141746,373,B.Fernandes,MID,Man United,8.5,160701,Fernandes,MID,9.4,34585
Mount,,,Mount,Mount,Mount,Mount,Mount,Mason Mount,9674002f,184341,209,Mount,MID,Man United,6.9,139802,Mount,MID,7.4,36170
Antony,,,,,,Antony,Antony,Antony,99127249,467169,372,Antony,MID,Man United,6.9,2229322,Antony,MID,7,36580
Sancho,,,,,Sancho,Sancho,Sancho,Jadon Sancho,dbf053da,209243,397,Sancho,MID,Man United,6.9,228177,Sancho,MID,6.4,36610
Eriksen,Eriksen,Eriksen,Eriksen,,Eriksen,Eriksen,Eriksen,Christian Eriksen,980522ec,80607,379,Eriksen,MID,Man United,5.9,283053,Eriksen,MID,6,33648
Casemiro,,,,,,Casemiro,Casemiro,Casemiro,4d224fe8,61256,376,Casemiro,MID,Man United,5.4,2170280,Casemiro,MID,6,33657
McTominay,McTominay,McTominay,McTominay,McTominay,McTominay,McTominay,McTominay,Scott McTominay,d93c2511,195851,392,McTominay,MID,Man United,4.9,40951,McTominay,MID,5.5,35407
Amrabat,,,,,,,Amrabat,Sofyan Amrabat,5a2cb25d,,,Amrabat,MID,Man United,3.5,,,,,35298
Hojlund,,,,,,,Rasmus Højlund,Rasmus Højlund,491a433d,497894,617,Rasmus Højlund,FWD,Man United,7,3634387,Hojlund,FWD,8,37656
Pope,Pope,,Pope,Pope,Pope,Pope,Pope,Nick Pope,4b40d9ca,98747,424,Pope,GK,Newcastle United,5.5,24087,Pope,GK,5.5,33713
Dubravka,Dubravka,Dubravka,Dubravka,Dubravka,Dubravka,Dubravka,Dubravka,Martin Dúbravka,3a949a25,67089,409,Dubravka,GK,Newcastle United,4,77662,Dubravka,GK,5,32523
Trippier,Trippier,Trippier,,,Trippier,Trippier,Trippier,Kieran Trippier,21512407,77794,430,Trippier,DEF,Newcastle United,6.5,278659,Trippier,DEF,6.9,33135
Schar,,Schär,Schär,Schär,Schär,Schär,Schär,Fabian Schär,c8aa95da,119471,427,Schär,DEF,Newcastle United,5,91161,Schar,DEF,6,33592
Botman,,,,,,Botman,Botman,Sven Botman,ccce7025,220237,405,Botman,DEF,Newcastle United,4.5,1727421,Botman,DEF,5.5,36537
Burn,,,Burn,Burn,Burn,Burn,Burn,Dan Burn,b2d31e83,78916,407,Burn,DEF,Newcastle United,4.5,92423,Burn,DEF,5.5,33733
Krafth,,,Krafth,Krafth,Krafth,Krafth,Krafth,Emil Krafth,77cf6852,111773,417,Krafth,DEF,Newcastle United,4.4,139838,Krafth,DEF,4.5,34548
Targett,Targett,Targett,Targett,Targett,Targett,Targett,Targett,Matt Targett,e514ab62,169359,428,Targett,DEF,Newcastle United,4.4,92386,Targett,DEF,5,34960
Lascelles,Lascelles,Lascelles,Lascelles,Lascelles,Lascelles,Lascelles,Lascelles,Jamaal Lascelles,450ab6fc,101148,419,Lascelles,DEF,Newcastle United,4,45072,Lascelles,DEF,5,34284
Livramento,,,,,Livramento,Livramento,Livramento,Valentino Livramento,afed6722,441191,633,Livramento,DEF,Newcastle United,4.5,237976,Livramento,DEF,5,37572
Almiron,,Almirón,Almirón,Almirón,Almirón,Almirón,Almirón,Miguel Almirón,862a1c15,179018,402,Almirón,MID,Newcastle United,6.4,110898,Almiron,MID,7,34375
Barnes,Barnes (Harvey),Barnes (Harvey),Barnes (Harvey),Barnes (Harvey),Barnes (Harvey),Barnes,Barnes (Harvey),Harvey Barnes,3ea50f67,201666,603,Barnes,MID,Newcastle United,6.5,45039,Barnes,MID,7.1,35773
Guimaraes,,,,,Bruno Guimarães,Bruno Guimarães,Bruno Guimarães,Bruno Guimarães,82518f62,208706,406,Bruno G.,MID,Newcastle United,5.9,283020,Guimaraes,MID,6.4,35750
Joelinton,,,Joelinton,Joelinton,Joelinton,Joelinton,Joelinton,Joelinton,c17bfb65,180974,416,Joelinton,MID,Newcastle United,5.9,137599,Joelinton,MID,6.4,35291
Gordon,,,Gordon (Anthony),Gordon (Anthony),Gordon (Anthony),Gordon (Anthony),Gordon (Anthony),Anthony Gordon,2bd83368,232826,412,Gordon,MID,Newcastle United,5.5,242870,Gordon,MID,6,36946
Tonali,,,,,,,Tonali,Sandro Tonali,0db169ae,432422,429,Tonali,MID,Newcastle United,5.5,3591232,Tonali,MID,6,36654
Willock,Joe Willock,Joe Willock,Joe Willock,Willock,Willock,Willock,Willock,Joe Willock,a3b03921,200089,432,Willock,MID,Newcastle United,5.4,84632,Willock,MID,6,36392
S Longstaff,,Longstaff,Longstaff (Sean),Longstaff (Sean),Longstaff (Sean),Longstaff (Sean),Longstaff (Sean),Sean Longstaff,a2b105e0,180135,421,Longstaff,MID,Newcastle United,4.9,95817,Longstaff,MID,5,35733
Murphy,Jacob Murphy,Jacob Murphy,,Jacob Murphy,Jacob Murphy,Jacob Murphy,Jacob Murphy,Jacob Murphy,de112b84,114243,423,Murphy,MID,Newcastle United,4.9,185623,Murphy,MID,6,34754
Anderson,,,,Anderson,,Anderson (Elliot),Anderson,Elliot Anderson,de31038e,215379,403,Anderson,MID,Newcastle United,4.4,200376,Anderson,MID,5,37566
C Wilson,C Wilson,C Wilson,C Wilson,C Wilson,C Wilson,Wilson (Callum),Wilson (Callum),Callum Wilson,c596fcb0,75115,433,Wilson,FWD,Newcastle United,7.9,23360,Wilson,FWD,8.5,33661
Isak,,,,,,Isak,Isak,Alexander Isak,8e92be30,219168,415,Isak,FWD,Newcastle United,7.7,2200000,Isak,FWD,8.1,36424
Turner,,,,,,,Turner,Matt Turner,4a51ba65,224068,28,Turner,GK,Nott'm Forest,4,1677492,Turner,GK,5,34509
Hennessey,Hennessey,Hennessey,Hennessey,,Hennessey,Hennessey,Hennessey,Wayne Hennessey,76eca7e2,20066,448,Hennessey,GK,Nott'm Forest,4,233402,Hennessey,GK,4.5,31801
Aurier,Aurier,Aurier,Aurier,Aurier,,Aurier,Aurier,Serge Aurier,5c2b4f07,80226,436,Aurier,DEF,Nott'm Forest,4.5,2324889,Aurier,DEF,4.6,33962
Boly,,Boly,Boly,Boly,Boly,Boly,Boly,Willy Boly,a4ac4b8f,90585,439,Boly,DEF,Nott'm Forest,4.5,88556,Boly,DEF,4,33272
Felipe,,,,,,Felipe,Felipe,Felipe,51a3c4c8,116404,445,Felipe,DEF,Nott'm Forest,4.4,2930175,Felipe,DEF,4.5,32644
McKenna,,,,,,McKenna,McKenna,Scott McKenna,4e5a4cbc,168281,455,McKenna,DEF,Nott'm Forest,4.5,230974,McKenna,DEF,4,35381
Niakhate,,,,,,Niakhaté,Niakhaté,Moussa Niakhate,00242715,199170,457,Niakhaté,DEF,Nott'm Forest,4.5,1783668,Niakhate,DEF,4,35132
Williams,,,Williams (Neco),Williams (Neco),Williams (Neco),Williams (Neco),Williams (Neco),Neco Williams,dd323728,215136,467,Williams,DEF,Nott'm Forest,4.5,156926,Williams,DEF,4.5,36994
Worrall,,,,,,Worrall,Worrall,Joe Worrall,a5212312,208912,469,Worrall,DEF,Nott'm Forest,4.5,230975,Worrall,DEF,4,35440
Aina,,,,Aina,,,Aina,Ola Aina,246d153b,159506,604,Aina,DEF,Nott'm Forest,4.5,3628750,Aina,DEF,4,35346
Gibbs-White,,Gibbs-White,Gibbs-White,Gibbs-White,Gibbs-White,Gibbs-White,Gibbs-White,Morgan Gibbs-White,32f60ed8,222531,447,Gibbs-White,MID,Nott'm Forest,5.9,88531,Gibbs-White,MID,6.5,36552
Brennan Johnson,,,,,,Johnson (Brennan),Johnson (Brennan),Brennan Johnson,0cd31129,242898,450,Johnson,MID,Nott'm Forest,5.9,230991,Johnson,MID,6.9,37034
Danilo,,,,,,Danilo,Danilo,Danilo,a816dbfb,513046,442,Danilo,MID,Nott'm Forest,5.4,2871381,Danilo,MID,5.5,37000
Elanga,,,,Elanga,Elanga,Elanga,Elanga,Anthony Elanga,2fba6108,449434,378,Elanga,MID,Nott'm Forest,5,219749,Elanga,MID,5.5,37373
Freuler,,,,,,Freuler,Freuler,Remo Freuler,98d2c2c4,89076,446,Freuler,MID,Nott'm Forest,4.9,2079176,Freuler,MID,5.5,33709
Kouyate,Kouyaté,Kouyaté,Kouyaté,Kouyaté,Kouyaté,Kouyaté,Kouyaté,Cheikhou Kouyaté,8d3c902d,55037,451,Kouyaté,MID,Nott'm Forest,4.9,23544,Kouyate,MID,4.5,32863
Mangala,,,,,,Mangala,Mangala,Orel Mangala,a572e291,179519,453,Mangala,MID,Nott'm Forest,5,1954997,Mangala,MID,4.5,35872
O'Brien,,,,,,O'Brien,O'Brien,Lewis O'Brien,089667a5,243345,458,O'Brien,MID,Nott'm Forest,4.9,1855090,O'Brien,MID,4.5,36082
Yates,,,,,,Yates,Yates,Ryan Yates,c1fe2a48,204968,470,Yates,MID,Nott'm Forest,4.9,230985,Yates,MID,5,35755
Awoniyi,,,,,,Awoniyi,Awoniyi,Taiwo Awoniyi,e5478b87,210156,437,Awoniyi,FWD,Nott'm Forest,6.5,1727417,Awoniyi,FWD,6.1,35654
Dennis,,,,,Dennis,Dennis (Emmanuel),Dennis (Emmanuel),Emmanuel Dennis,2c44a35d,230251,443,Dennis,FWD,Nott'm Forest,4.9,225321,Dennis,FWD,6,35749
Wood,Wood,Wood,Wood,Wood,Wood,Wood,Wood,Chris Wood,4e9a0555,60689,468,Wood,FWD,Nott'm Forest,5,57345,Wood,FWD,5.5,33579
Hwang U,,,,,,,Ui-jo,Hwang Ui-jo,a2d873dd,201440,466,Ui-jo,FWD,Nott'm Forest,4.4,3556541,Hwang,FWD,5,33844
Foderingham,,,,,,,Foderingham,Wes Foderingham,96cf7b61,82143,482,Foderingham,GK,Sheffield Utd,4.5,3584350,Foderingham,GK,4.5,33252
A Davies,,,,,,,Davies,Adam Davies,71894777,102549,479,Davies,GK,Sheffield Utd,4,3584343,Davies,GK,4,33802
Ahmedhodzic,,,,,,,Ahmedhodzic,Anel Ahmedhodzic,eab957a3,233821,471,Ahmedhodi?,DEF,Sheffield Utd,4.5,3584339,Ahmedhodzic,DEF,4.4,36245
Bogle,,,,Bogle,,,Bogle,Jayden Bogle,ae5019e6,226182,476,Bogle,DEF,Sheffield Utd,4.5,3584373,Bogle,DEF,4,36734
Egan,,,Egan,Egan,,,Egan,John Egan,debe38a0,108416,480,Egan,DEF,Sheffield Utd,4.5,3584384,Egan,DEF,4.5,33897
Lowe,Lowe,Lowe,,Lowe,,,Lowe (Max),Max Lowe,7af88b33,155197,484,Lowe,DEF,Sheffield Utd,4.5,3584355,Lowe,DEF,4.5,35561
J Robinson,,,Robinson (Jack),Robinson (Jack),,,Robinson (Jack),Jack Robinson,7399c7a8,83427,576,Robinson,DEF,Sheffield Utd,4.5,3584342,Robinson,DEF,4,34213
Larouci,,,,,,,Larouci,Yasser Larouci,0ed063d6,432990,592,Larouci,DEF,Sheffield Utd,4.5,3628089,Larouci,DEF,4,36892
Trusty,,,,,,,Trusty,Auston Trusty,cddf767b,201410,27,Trusty,DEF,Sheffield Utd,4,3556525,Trusty,DEF,4.5,36019
Baldock,,,Baldock,Baldock,,,Baldock,George Baldock,394854c4,82691,473,Baldock,DEF,Sheffield Utd,4,3584381,Baldock,DEF,4,34037
Basham,,,Basham,Basham,,,Basham,Chris Basham,1aa84968,40386,474,Basham,DEF,Sheffield Utd,4,3584338,Basham,DEF,4,32344
Fleck,,,Fleck,Fleck,,,Fleck,John Fleck,b63e789d,47247,481,Fleck,MID,Sheffield Utd,4.9,3584369,Fleck,MID,4.5,33474
Norwood,,,Norwood,Norwood,,,Norwood,Oliver Norwood,43439614,79934,488,Norwood,MID,Sheffield Utd,5,3584376,Norwood,MID,5,33340
Osborn,,,Osborn,Osborn,,,Osborn,Ben Osborn,79bc4c45,167878,489,Osborn,MID,Sheffield Utd,4.9,3584341,Osborn,MID,4.5,34551
Slimane,,,,,,,Ben Slimane,Anis Ben Slimane,9ade9ce1,504198,587,Slimane,MID,Sheffield Utd,4.9,3627936,Slimane,MID,4.5,36938
Souza,,,,,,,Vinicius Souza,Vinicius Souza,6a8a7af8,424001,638,Vini Souza,MID,Sheffield Utd,5,3638252,Souza,MID,4.5,36328
McBurnie,McBurnie,,McBurnie,McBurnie,,,McBurnie,Oliver McBurnie,78b8ac63,169432,485,McBurnie,FWD,Sheffield Utd,5.4,3584364,McBurnie,FWD,5.5,35220
Benie Traore,,,,,,,Traoré (Bénie),Bénie Adama Traore,77816c91,523957,593,T.Bénie,FWD,Sheffield Utd,5.5,3628156,Traore,FWD,5.5,37590
Brewster,,,,Brewster,,,Brewster,Rhian Brewster,30e81a88,195473,477,Brewster,FWD,Sheffield Utd,4.9,3584352,Brewster,FWD,5,36617
Jebbison,,,,Jebbison,,,Jebbison,Daniel Jebbison,03edb878,523700,483,Jebbison,FWD,Sheffield Utd,4.9,3584360,Jebbison,FWD,5,37846
Osula,,,,,,,Osula,William Osula,7b355808,538207,490,Osula,FWD,Sheffield Utd,4.5,3584389,Osula,FWD,5,37837
Vicario,,,,,,,Vicario,Guglielmo Vicario,77d6fd4d,184254,520,Vicario,GK,Tottenham,5,3584409,Vicario,GK,5,35345
Forster,Forster,Forster,,Forster,Forster,Forster,Forster,Fraser Forster,c3e39f12,40383,498,Forster,GK,Tottenham,4,178022,Forster,GK,4.5,32219
Porro,,,,,,Porro,Porro,Pedro Porro,27d0a506,441164,506,Pedro Porro,DEF,Tottenham,4.9,2930177,Porro,DEF,5,36416
Perisic,,,,,,Perisic,Perisic,Ivan Perii?,6fe90922,45034,507,Perii?,DEF,Tottenham,4.9,1677508,Perisic,DEF,5.4,32541
B Davies,Davies (Ben),Davies (Ben),Davies (Ben),Davies (Ben),Ben Davies,Davies (Ben),Davies (Ben),Ben Davies,44781702,115556,495,Davies,DEF,Tottenham,4.5,23490,Davies,DEF,4.5,34083
Dier,Dier,Dier,Dier,Dier,Dier,Dier,Dier,Eric Dier,ac861941,93264,496,Dier,DEF,Tottenham,4.4,23479,Dier,DEF,4.5,34349
Emerson R,,,,,Emerson Royal,Emerson Royal,Emerson Royal,Emerson,df8b52a5,241157,497,E.Royal,DEF,Tottenham,4.5,257275,Emerson,DEF,4.6,36174
Reguilon,,,,Reguilón,Reguilón,,Reguilón,Sergio Reguilón,3353737a,199249,508,Reguilón,DEF,Tottenham,4.4,184661,Reguilon,DEF,5,35415
Romero,,,,,Romero (Cristian),Romero,Romero,Cristian Romero,a3d94a58,221632,511,Romero,DEF,Tottenham,4.6,241952,Romero,DEF,4.6,35912
Udogie,,,,,,,Destiny Udogie,Iyenoma Udogie,7cd520e8,487053,519,Udogie,DEF,Tottenham,4.6,3556529,Udogie,DEF,4.5,37588
van de Ven,,,,,,,van de Ven,Micky van de Ven,8fe2a392,491279,639,Van de Ven,DEF,Tottenham,4.5,3638005,van de Ven,DEF,4.5,37000
Son,Son,Son,Son,Son,Son,Son,Son,Son Heung-min,92e7e919,85971,516,Son,MID,Tottenham,9,23472,Son,MID,8.9,33793
Maddison,,Maddison,Maddison,Maddison,Maddison,Maddison,Maddison,James Maddison,ee38d9c5,172780,504,Maddison,MID,Tottenham,7.7,88492,Maddison,MID,8.1,35392
Kulusevski,,,,,Kulusevski,Kulusevski,Kulusevski,Dejan Kulusevski,df3cda47,445044,501,Kulusevski,MID,Tottenham,7,291491,Kulusevski,MID,6,36641
Richarlison,Richarlison,Richarlison,Richarlison,Richarlison,Richarlison,Richarlison,Richarlison,Richarlison,fa031b34,212319,509,Richarlison,MID,Tottenham,6.9,45474,Richarlison,FWD,7.4,35560
Bentancur,,,,,Bentancur,Bentancur,Bentancur,Rodrigo Bentancur,3b8674e6,202993,492,Bentancur,MID,Tottenham,5.5,291492,Bentacur,MID,5.5,35586
Hojbjerg,Højbjerg,Højbjerg,Højbjerg,Højbjerg,Højbjerg,Højbjerg,Højbjerg,Pierre Højbjerg,8b04d6c1,132015,499,Højbjerg,MID,Tottenham,5.4,24092,Hojbjerg,MID,6,34916
Solomon,,,,,,Solomon,Solomon,Manor Solomon,886f9aac,235674,583,Solomon,MID,Tottenham,5.4,1897014,Solomon,MID,5.5,36365
Bissouma,,Bissouma,Bissouma,Bissouma,Bissouma,Bissouma,Bissouma,Yves Bissouma,6c203af0,227127,493,Bissouma,MID,Tottenham,5,90433,Bissouma,MID,4.5,35307
Lo Celso,,,Lo Celso,Lo Celso,Lo Celso,,Lo Celso,Giovani Lo Celso,d7553721,200826,503,Lo Celso,MID,Tottenham,4.9,3556530,Lo Celso,MID,5,35164
Skipp,,Skipp,Skipp,,Skipp,Skipp,Skipp,Oliver Skipp,6250083a,209042,515,Skipp,MID,Tottenham,4.9,192744,Skipp,MID,4.5,36785
Veliz,,,,,,,Véliz,Alejo Véliz,3f7bafbe,536908,641,Véliz,FWD,Tottenham,5.5,3638039,Veliz,FWD,5.5,37883
Fabianski,Fabianski,Fabianski,Fabianski,Fabianski,Fabianski,Fabianski,Fabianski,?ukasz Fabia?ski,9328b835,37096,533,Fabianski,GK,West Ham,4.4,23448,Fabianski,GK,4.5,31155
Areola,,,,Areola,Areola,Areola,Areola,Alphonse Areola,2f965a72,84182,524,Areola,GK,West Ham,4.1,183126,Areola,GK,4.6,34027
Maguire,Maguire,Maguire,Maguire,Maguire (Harry),Maguire,Maguire,Maguire,Harry Maguire,d8931174,95658,387,Maguire,DEF,Man United,4.4,23076,Maguire,DEF,5,34033
Aguerd,,,,,,Aguerd,Aguerd,Nayef Aguerd,288e1e13,210494,522,N.Aguerd,DEF,West Ham,4.5,1695166,Aguerd,DEF,4.5,35154
Coufal,,,,Coufal,Coufal,Coufal,Coufal,Vladimír Coufal,fdf3cb77,164555,528,Coufal,DEF,West Ham,4.5,186817,Coufal,DEF,4.5,33838
Cresswell,Cresswell,Cresswell,Cresswell,Cresswell (Aaron),Cresswell (Aaron),Cresswell (Aaron),Cresswell (Aaron),Aaron Cresswell,4f974391,55459,530,Cresswell,DEF,West Ham,4.4,23543,Cresswell,DEF,4.5,32857
Emerson P,Emerson,Emerson,Emerson,Emerson,,Emerson,Emerson,Emerson Palmieri,e0bc6fdc,109533,532,Emerson,DEF,West Ham,4.5,2193866,Emerson,DEF,4.5,34549
Ben Johnson,,Johnson (Ben),Johnson (Ben),Johnson (Ben),Johnson,Johnson (Ben),Johnson (Ben),Ben Johnson,9319781b,222018,536,Johnson,DEF,West Ham,4.4,67736,Johnson,DEF,4.5,36549
Kehrer,,,,,,Kehrer,Kehrer,Thilo Kehrer,51dbeea9,201057,537,Kehrer,DEF,West Ham,4.4,2139825,Kehrer,DEF,4.5,35329
Zouma,Zouma,Zouma,Zouma,Zouma,Zouma,Zouma,Zouma,Kurt Zouma,ce4246f5,103192,544,Zouma,DEF,West Ham,4.5,23000,Zouma,DEF,4.5,34634
Ogbonna,Ogbonna,Ogbonna,Ogbonna,Ogbonna,Ogbonna,Ogbonna,Ogbonna,Angelo Ogbonna,74b2cd7e,40669,577,Ogbonna,DEF,West Ham,4.5,23278,Ogbonna,DEF,4.5,32286
Bowen,,,Bowen,Bowen,Bowen,Bowen,Bowen,Jarrod Bowen,79c84d1c,178186,526,Bowen,MID,West Ham,7,161049,Bowen,MID,7.5,35419
Benrahma,,,,Benrahma,Benrahma,Benrahma,Benrahma,Saïd Benrahma,5a04fd92,172841,525,Benrahma,MID,West Ham,5.9,189709,Benrahma,MID,6,34921
Paqueta,,,,,,Lucas Paquetá,Lucas Paquetá,Lucas Paquetá,9b6f7fd5,224024,539,L.Paquetá,MID,West Ham,6,2235927,Paqueta,MID,5.5,35669
Cornet,,,,,Cornet,Cornet,Cornet,Maxwel Cornet,beb391dd,149519,527,Cornet,MID,West Ham,5.4,256300,Cornet,MID,5,35335
Fornals,,,Fornals,Fornals,Fornals,Fornals,Fornals,Pablo Fornals,82927de4,217593,534,P.Fornals,MID,West Ham,4.9,132425,Fornals,MID,5,35117
Soucek,,,Soucek,Soucek,Soucek,Soucek,Soucek,Tomá Sou?ek,6613c819,215439,542,Sou?ek,MID,West Ham,5,160700,Soucek,MID,5.5,34757
E Alvarez,,,,,,,Álvarez (Edson),Edson Álvarez,8b3ab7ad,213999,642,Álvarez,MID,West Ham,5,3638504,Alvarez,MID,5,35727
Ward-Prowse,Ward-Prowse,Ward-Prowse,Ward-Prowse,Ward-Prowse,Ward-Prowse,Ward-Prowse,Ward-Prowse,James Ward-Prowse,3515d404,101178,664,Ward-Prowse,MID,West Ham,6,23404,Ward-Prowse,MID,6,34639
Antonio,Antonio,Antonio,Antonio,Antonio,Antonio,Antonio,Antonio,Michail Antonio,ac05f970,57531,523,Antonio,FWD,West Ham,6,23550,Antonio,FWD,6.5,32960
Ings,Ings,Ings,Ings,Ings,Ings,Ings,Ings,Danny Ings,07802f7f,84939,535,Ings,FWD,West Ham,5.9,23134,Ings,FWD,6,33808
Mubama,,,,,,Mubama,Mubama,Divin Mubama,92868cb5,487837,538,Mubama,FWD,West Ham,4.5,3636596,Mubama,FWD,5,38285
Sa,,,,,José Sá,José Sá,José Sá,José Sá,903b6e8b,149065,569,José Sá,GK,Wolverhampton,5,231959,Sa,GK,4.5,33986
Bentley,,,,,,Bentley,Bentley,Daniel Bentley,68db6358,79602,546,Bentley,GK,Wolverhampton,4,2911676,Bentley,GK,4,34163
Ait-Nouri,,,,Ait Nouri,Ait Nouri,Ait Nouri,Ait Nouri,Rayan Aït Nouri,9b398aea,448514,545,Aït-Nouri,DEF,Wolverhampton,4.5,187323,Ait Nouri,DEF,4.4,37048
H Bueno,,,,,,Bueno,Bueno (Hugo),Hugo Bueno,bfc3b3a0,490721,548,Bueno,DEF,Wolverhampton,4.5,2584318,Bueno,DEF,4.5,37517
Dawson,Dawson,,Dawson,Dawson,Dawson,Dawson,Dawson,Craig Dawson,3e9e06cb,60232,551,Dawson,DEF,Wolverhampton,4.5,132438,Dawson,DEF,4.4,32999
Jonny,,Jonny,Jonny,Jonny,Jonny,Jonny,Jonny,Jonny Castro,e28868f3,114128,560,J.Otto,DEF,Wolverhampton,4.4,91162,Castro,DEF,4.5,34396
Kilman,,Kilman,Kilman,Kilman,Kilman,Kilman,Kilman,Max Kilman,d0f72bf1,214048,563,Kilman,DEF,Wolverhampton,4.5,106466,Kilman,DEF,4.4,35573
Semedo,,,,Semedo,Semedo,Semedo,Semedo,Nélson Semedo,d04b94db,200402,572,N.Semedo,DEF,Wolverhampton,4.5,185167,Semedo,DEF,4.5,34289
Toti,,,,,Toti,Toti,Toti,Toti Gomes,f0caab96,510362,573,Toti,DEF,Wolverhampton,4.5,280711,Antonio Gomes,DEF,4.5,36176
Doherty,,Doherty,Doherty,Doherty,Doherty,Doherty,Doherty,Matt Doherty,d557d734,87835,598,Doherty,DEF,Wolverhampton,4.4,3628568,Doherty,DEF,4.5,33619
Hwang H,,,,,Hwang Hee-Chan,Hwang Hee-Chan,Hwang Hee-Chan,Hwang Hee-chan,169fd162,184754,557,Hee Chan,MID,Wolverhampton,5.5,257178,Hee-chan,FWD,5.5,35090
P Neto,,,Pedro Neto,Neto,Neto,Neto (Pedro),Neto (Pedro),Pedro Neto,7ba2eaa9,247632,567,Neto,MID,Wolverhampton,5.5,139207,Neto,MID,5,36594
Podence,,,Daniel Podence,Podence,Podence,Podence,Podence,Daniel Podence,7fcc71d8,200600,568,Podence,MID,Wolverhampton,5.4,160975,Podence,MID,5.5,34993
Gomes,,,,,,João Gomes,João Gomes,João Gomes,8b57ad2c,448089,559,João Gomes,MID,Wolverhampton,5,2930170,Gomes,MID,5,36934
Lemina,Lemina,Lemina,,Lemina,,Lemina,Lemina,Mario Lemina,2b471f99,151086,565,Lemina,MID,Wolverhampton,5,2859301,Lemina,MID,4.5,34213
Nunes,,,,,,Matheus Nunes,Matheus Nunes,Matheus Nunes,e6af02e0,465351,566,Matheus N.,MID,Man City,5,2139824,Nunes,MID,4.9,36034
Sarabia,,,,,,Sarabia,Sarabia,Pablo Sarabia,9744ff80,88484,570,Sarabia,MID,Wolverhampton,5,2871382,Sarabia,MID,5,33735
Boubacar Traore,,,,,,Traoré (Boubacar),Traoré (Boubacar),Boubacar Traoré,999ceb5f,476502,574,Boubacar Traore,MID,Wolverhampton,4.4,2405112,Traore,MID,4.5,37123
F Silva,,,,Fabio Silva,Fabio Silva,,Fabio Silva,Fábio Silva,e7aa9d7c,449988,552,Fábio Silva,FWD,Wolverhampton,5.5,182752,Silva,FWD,5.5,37456
Cunha,,,,,,Matheus Cunha,Matheus Cunha,Matheus Cunha,dc62b55d,430871,590,Cunha,FWD,Wolverhampton,5.5,3627793,Cunha,FWD,5.5,36307
Kalajdzic,,,,,,Kalajdzic,Kalajdzic,Sasa Kalajdzic,15f24fe7,429414,562,Kalajdi?,FWD,Wolverhampton,5,2253849,Kalajdzic,FWD,5.5,35618
Garnacho,,,,,Alejandro Garnacho,Alejandro Garnacho,Alejandro Garnacho,Alejandro Garnacho,7aa8adfe,493105,382,Garnacho,MID,Man United,4.9,1214404,Garnacho,MID,6,38169
Sarr,,,,,,Sarr (Pape),Sarr (Pape),Pape Matar Sarr,feb5d972,482442,513,Sarr,MID,Tottenham,4.5,1783664,Sarr,MID,4.6,37513
Koleosho,,,,,,,Koleosho,Luca Koleosho,fc076f78,487702,605,Koleosho,MID,Burnley,5,3638774,Koleosho,MID,4.5,38245
Harrison,,,,Harrison,Harrison,Harrison,Harrison,Jack Harrison,aa849a12,221399,661,Harrison,MID,Everton,5.5,176658,Harrison,MID,6,35389
A Traore,,Traoré,Traoré,Traoré,Traoré,Traoré (Adama),Traoré (Adama),Adama Traoré,9a28eba4,159533,662,Adama,MID,Fulham,5,3639047,Traore,MID,5.5,35089
T Davies,Davies (Tom),Davies (Tom),Davies (Tom),Davies (Tom),Davies (Tom),Davies (Tom),Davies (Tom),Tom Davies,9228b07c,173807,666,Tom Davies,MID,Sheffield Utd,5,3642359,Davies,MID,4.5,35976
Endo,,,,,,,Endo,Wataru Endo,c149016b,158983,668,Endo,MID,Liverpool,5.5,3643150,Endo,MID,5,34009
Odobert,,,,,,,Odobert,Wilson Odobert,35516eac,550839,660,Odobert,MID,Burnley,5,3638871,Odobert,MID,5,38319
Hamer,,,,,,,Hamer,Gustavo Hamer,eebacc07,196100,663,Hamer,MID,Sheffield Utd,5,3638865,Hamer,MID,5.5,35605
Doku,,,,,,,Doku,Jeremy Doku,fffea3e5,248875,678,Jeremy Doku,MID,Man City,6.5,3647914,Doku,MID,6.5,37403
Acuna,,,,,,,Acuna,Marcos Acuña,81442ecb,,,Acuna,DEF,Aston Villa,3.5,,,,,33539
Mavropanos,Mavropanos,Mavropanos,,,,,Mavropanos,Konstantinos Mavropanos,00963611,233963,676,Mavropanos,DEF,West Ham,4.5,3646579,Mavropanos,DEF,4.5,35775
Tavares,,,,,Nuno Tavares,Nuno Tavares,Nuno Tavares,Nuno Tavares,a65c844b,437626,23,Tavares,DEF,Nott'm Forest,4,230250,Tavares,DEF,5,37163
Baleba,,,,,,,Baleba,Carlos Baleba,a1390d2f,,,Baleba,MID,Brighton,3.5,3651385,Baleba,MID,4.5,37989
Krul,,,Krul,,Krul,,Krul,Tim Krul,f23f9d20,20480,665,Krul,GK,Luton Town,4.5,3642812,Krul,GK,4,32236
Semenyo,,,,,,Semenyo,Semenyo,Antoine Semenyo,efd2ec23,437730,82,Semenyo,FWD,Bournemouth,4.5,2930166,Semenyo,FWD,5.1,36532
Montiel,,,,,,,Montiel,Gonzalo Montiel,374d5158,218430,679,G.Montiel,DEF,Nott'm Forest,4.5,3647566,Montiel,DEF,4.5,35431
Gonzalez,,,,,,,Gonzalez,Nicolás González,2374aaca,,,Gonzalez,MID,Brighton,3.5,,,,,35891
Petrovic,,,,,,,Petrovic,?or?e Petrovi?,0cf321c8,457569,687,Petrovic,GK,Chelsea,4.5,3648390,Petrovic,GK,4.5,36441
Chambers,Chambers,Chambers,Chambers,Chambers,Chambers,Chambers (Calum),Chambers (Calum),Calum Chambers,dc6f5bdd,101184,37,Chambers,DEF,Aston Villa,4,176667,Chambers,DEF,4,34719
van de Beek,,,,van de Beek,van de Beek,van de Beek,van de Beek,Donny van de Beek,50dc94ce,180184,400,van de Beek,MID,Man United,4.9,181309,van de Beek,MID,5,35538
Duran,,,,,,Durán,Durán,Jhon Durán,414184f7,476344,44,Duran,FWD,Aston Villa,5,2882401,Duran,FWD,5.5,37968
Martial,Martial,Martial,Martial,Martial,Martial,Martial,Martial,Anthony Martial,8b788c01,148225,390,Martial,FWD,Man United,6.5,23178,Martial,FWD,7.5,35038
Dobbin,,,,,Dobbin,Dobbin,Dobbin,Lewis Dobbin,e814e1cf,461421,624,Dobbin,MID,Everton,4.5,3640757,Dobbin,MID,4.5,37624
Branthwaite,,,Branthwaite,,Branthwaite,Branthwaite,Branthwaite,Jarrad Branthwaite,c1949191,480455,245,Branthwaite,DEF,Everton,4,242875,Branthwaite,DEF,4.5,37434
Delcroix,,,,,,,Delcroix,Hannes Delcroix,b737f944,247245,674,Delcroix,DEF,Burnley,4,3646515,Delcroix,DEF,4,36219
Chermiti,,,,,,,Youssef Chermiti,Youssef Chermiti,890f108d,491012,645,Y.Chermiti,FWD,Everton,5,3638749,Chermiti,FWD,5,38131
Ndidi,Ndidi,Ndidi,Ndidi,Ndidi,Ndidi,Ndidi,Ndidi,Wilfred Ndidi,6b47c5db,203341,,Ndidi,MID,Nott'm Forest,3.5,33589,Ndidi,MID,5,35415
Beto,,,,,,,Beto,Beto,ed5c0319,,,Beto,FWD,Everton,3.5,3650885,Beto,FWD,5.5,35826
Vlachodimos,,,,,,,Vlachodimos,Odisseas Vlachodimos,03df04ff,,,Vlachodimos,GK,Nott'm Forest,3.5,,,,,34450
S Bueno,,,,,,,Bueno (Santiago),Santiago Bueno,edc98fac,,,Bueno,DEF,Wolverhampton,3.5,,,,,36108
Fati,,,,,,,Ansu Fati,Ansu Fati,0ba976e4,,,Ansu Fati,MID,Brighton,3.5,,,,,37560
Batshuayi,Batshuayi,Batshuayi,Batshuayi,Batshuayi,,,Batshuayi,Michy Batshuayi,2973d8ff,,,Batshuayi,FWD,Nott'm Forest,3.5,110931,,,,34244
Dominguez,,,,,,,Dominguez,Nico Dominguez,20b3a502,,,Dominguez,MID,Nott'm Forest,3.5,,,,,35974
Murillo,,,,,,,Murillo,Murillo,1704b0b8,,,Murillo,DEF,Nott'm Forest,3.5,,,,,37441
Lenglet,,,,,,Lenglet,Lenglet,Clement Lenglet,4f28a6ff,171101,,Lenglet,DEF,Aston Villa,3.5,1803647,,,,34867
Bayindir,,,,,,,Bayindir,Altay Bayindir,072e68ed,,,Bayindir,GK,Man United,3.5,,,,,35899
Doyle,,,Doyle,,,,Doyle,Thomas Doyle,5526deb1,220394,351,Doyle,MID,Wolverhampton,4.4,,,,,37181
